Country Name,Country Code,Indicator Name,Indicator Code,1993,1994,1995,1996,1997,1998,1999,2000,2001,2002,2003,2004,2005,2006,2007,2008,2009,2010,2011,2012,2013,2014,2015,2016,2017,2018,2019,2020
Aruba,ABW,"Deuda externa acumulada, total (DOD, US$ a precios actuales)",DT.DOD.DECT.CD,,,,,,,,,,,,,,,,,,,,,,,,,,,,
Afganistán,AFG,"Deuda externa acumulada, total (DOD, US$ a precios actuales)",DT.DOD.DECT.CD,,,,,,,,,,,,,,979344507.8,2023034713.1,2143951791.1,2480214113.7,2435844906,2485331046.1,2580631877.8,2587774889.5,2529865267.8,2596917266.2,2596050086.4,2751986638.9,2678760424.2,2661685956.5,
Angola,AGO,"Deuda externa acumulada, total (DOD, US$ a precios actuales)",DT.DOD.DECT.CD,10571384637.8,11292755787.9,11502043062.1,10545818707.6,9948274153,10784076259.7,10673241870.4,9763465564.4,8776917205,9109536718.7,9099850424.4,9786029392.2,12223970246.7,9890493322.8,11926824534.7,15496995033.1,20168132589.1,26595584910.9,33961146294.9,44255661238.7,54932638464.9,56932310475.5,56269410212,56814989137.4,50917321660.3,51684805673.4,51997502840.3,
Albania,ALB,"Deuda externa acumulada, total (DOD, US$ a precios actuales)",DT.DOD.DECT.CD,786033591.2,883115193.8,458862737.5,491994448.6,516476961.3,623592791.8,773092900.6,1122051223.3,1154309753.2,1180426821.7,1550382967.9,1603744698.8,2126166749.1,2517100832.6,2966604307.7,4256899002.8,4605163641.8,5436572731.8,6484194296.1,7384500626.6,8647043653.8,8512449911.3,8447035238.4,8516236278.5,9801472836.1,9868130866.7,9625903648.5,
Andorra,AND,"Deuda externa acumulada, total (DOD, US$ a precios actuales)",DT.DOD.DECT.CD,,,,,,,,,,,,,,,,,,,,,,,,,,,,
El mundo árabe,ARB,"Deuda externa acumulada, total (DOD, US$ a precios actuales)",DT.DOD.DECT.CD,,,,,,,,,,,,,,,,,,,,,,,,,,,,
Emiratos Árabes Unidos,ARE,"Deuda externa acumulada, total (DOD, US$ a precios actuales)",DT.DOD.DECT.CD,,,,,,,,,,,,,,,,,,,,,,,,,,,,
Argentina,ARG,"Deuda externa acumulada, total (DOD, US$ a precios actuales)",DT.DOD.DECT.CD,64681387080.3,75094061335.7,98773122012.7,111145506414,128251441841.7,141504501057.7,151913800711.3,150062928187.3,152649929432.5,148320192549.3,163442688409.3,167999635827.3,130788488210.2,118921233033.8,120818039247.5,129752184881.3,133695121247.7,126642436908.2,142884643038.3,139877660191.7,150225029637.6,153793761987.6,177184603465.6,189331673190.7,236963418186.1,283624190079.2,279305800305.8,
Armenia,ARM,"Deuda externa acumulada, total (DOD, US$ a precios actuales)",DT.DOD.DECT.CD,133922025.2,214328549.4,370656928,520544050.4,638485619.5,804242112.9,1022596079.8,1018418173.9,1410424531.1,1719549290.3,1996130970.2,2107914571.2,1969824792.5,2138883502.7,3081934925.4,3612490093,4934959249.6,6307170668.6,7410792665.3,7640566738.7,8681090933.1,8555656187,8831021220.8,9855623087.1,10228295738.5,10725730268.9,11887400146.3,
Samoa Americana,ASM,"Deuda externa acumulada, total (DOD, US$ a precios actuales)",DT.DOD.DECT.CD,,,,,,,,,,,,,,,,,,,,,,,,,,,,
Antigua y Barbuda,ATG,"Deuda externa acumulada, total (DOD, US$ a precios actuales)",DT.DOD.DECT.CD,,,,,,,,,,,,,,,,,,,,,,,,,,,,
Australia,AUS,"Deuda externa acumulada, total (DOD, US$ a precios actuales)",DT.DOD.DECT.CD,,,,,,,,,,,,,,,,,,,,,,,,,,,,
Austria,AUT,"Deuda externa acumulada, total (DOD, US$ a precios actuales)",DT.DOD.DECT.CD,,,,,,,,,,,,,,,,,,,,,,,,,,,,
Azerbaiyán,AZE,"Deuda externa acumulada, total (DOD, US$ a precios actuales)",DT.DOD.DECT.CD,35540000,112814844.4,320987667.6,438309868.3,508060653.1,706603152.3,1289063609,1585215993.3,1515370497.6,1691663802.9,1941119870.3,2169229387.3,2247015897.2,2796572673.8,3899058336.7,4490454221.9,4548547549.5,7251435122.6,7687663765.8,10826841366,10573141206.6,12097565023.7,13318815776.7,14590007638.9,15300924031.7,16211029569.5,15840362634.9,
Burundi,BDI,"Deuda externa acumulada, total (DOD, US$ a precios actuales)",DT.DOD.DECT.CD,1065645817.3,1127404969,1161951393.2,1130746660.3,1068957656.4,1121825243.5,1153732063.6,1125869260.9,1093536451,1232214637.4,1348337839.1,1357933155.3,1287893069.1,1371901889.5,1409730477.1,1390288828.7,607230101.8,620923162,604409004.8,667315097.4,683609365,690167126.4,625980607.8,602774776.7,613972235.4,589342922.5,578351002.1,
Bélgica,BEL,"Deuda externa acumulada, total (DOD, US$ a precios actuales)",DT.DOD.DECT.CD,,,,,,,,,,,,,,,,,,,,,,,,,,,,
Benin,BEN,"Deuda externa acumulada, total (DOD, US$ a precios actuales)",DT.DOD.DECT.CD,1270610521.6,1382104403.8,1396512568.5,1377641355.4,1411356759,1433932267.8,1488489198.8,1399684851.6,1470316526.9,1608563110.7,1485978703.3,1620347439.1,1559629284.7,662231196.3,904957119.7,999435672,1327553869,1598555777.1,1866403076,1697688750.2,2024309007.2,2055433484.1,2191225852.7,2277862242.2,2816963964.3,3607450243.9,3898854015.1,
Burkina Faso,BFA,"Deuda externa acumulada, total (DOD, US$ a precios actuales)",DT.DOD.DECT.CD,1118907234.9,1135033979.4,1274258080.3,1301463551.1,1304480063.4,1462914342.9,1599934472.4,1437932410.2,1507804344,1554667581.2,1745974389.1,1931701209.8,2000595478.2,1131707064.9,1465673536.2,1584281199.3,1918438539.1,2151050013,2293951843.9,2524056091,2570910411.8,2550585685.7,2631937046.4,2825462079.3,3128873503.9,3285715189.6,3662434235.8,
Bangladesh,BGD,"Deuda externa acumulada, total (DOD, US$ a precios actuales)",DT.DOD.DECT.CD,14125214056.8,15490545904.5,15734744113.2,15169074222.9,14257776105.5,15507392996.3,16449663349.3,15600564697.1,14978802400.8,16687587182.1,18440377575.4,19714073691.8,18503086056.4,20160027977.8,21522562894.1,23341694039.6,25372390871.2,26566693370,27041276969.5,28273136806.8,31502704574.7,32661869972.9,35959560327,38474306270.6,46812349419.2,52131554985.5,57088329151.8,
Bulgaria,BGR,"Deuda externa acumulada, total (DOD, US$ a precios actuales)",DT.DOD.DECT.CD,12177634744.5,9828532996.1,10378823642.3,10368413941.5,11099448177.6,11404629614.5,11794851857.2,12008623065.1,11274814331.7,12313486729.7,14259733783.4,16620274377.5,18507353591.6,28007279111.5,43822454674.9,53067247242,55682965449.1,50697349714.5,47739502725.5,51428609097.2,51652241448.4,47074927807.1,40378595624.5,39994027753.1,40989018777.1,40103457338.4,40501402414.8,
Bahrein,BHR,"Deuda externa acumulada, total (DOD, US$ a precios actuales)",DT.DOD.DECT.CD,,,,,,,,,,,,,,,,,,,,,,,,,,,,
Bahamas,BHS,"Deuda externa acumulada, total (DOD, US$ a precios actuales)",DT.DOD.DECT.CD,,,,,,,,,,,,,,,,,,,,,,,,,,,,
Bosnia y Herzegovina,BIH,"Deuda externa acumulada, total (DOD, US$ a precios actuales)",DT.DOD.DECT.CD,,,,,,,2408825764.2,2791207814.6,2666165629,3166667572.8,4484507657.9,5517180308.8,7007652582.9,8616906730.2,11568599660.6,13108605424.7,14005774333.2,14289296947.8,14347317956.9,14120385050.4,14735893448.4,13776978607.6,13823720196,14322800949.2,15235923241.9,15970187164,16596054817.5,
Belarús,BLR,"Deuda externa acumulada, total (DOD, US$ a precios actuales)",DT.DOD.DECT.CD,968283686.2,1296124124.3,1693743257.4,1958924253.1,2082345263,2386480834.1,2703253741.5,2620196263.4,2798732256.7,3399007710,3779551001.2,4601438650.3,5300175946.7,6562099699.5,12526106963.9,15152844791,22078685409.7,28412146648.8,33932546340.5,33755737465.2,39573470267.5,40013829087.7,38257921211.1,37515947697.5,39584221158.1,38767663257,40729518642.4,
Belice,BLZ,"Deuda externa acumulada, total (DOD, US$ a precios actuales)",DT.DOD.DECT.CD,194553505.8,198665305,255157967.5,281542136.1,450090458.6,333460184.2,416579339.1,629903800.8,721979991.7,849529037.9,1061730342.3,965854392.5,1023162269.1,1054232125.7,1075497698.7,1275782808,1291168230.7,1303876871.3,1274688747.1,1196360888.6,1248681044.2,1286357300.3,1279832151.2,1290298702.5,1338924309.2,1348939447.4,1377529086.7,
Bermudas,BMU,"Deuda externa acumulada, total (DOD, US$ a precios actuales)",DT.DOD.DECT.CD,,,,,,,,,,,,,,,,,,,,,,,,,,,,
Bolivia,BOL,"Deuda externa acumulada, total (DOD, US$ a precios actuales)",DT.DOD.DECT.CD,4400366539,4965186858.3,5359275052.5,5275484513.9,5313085255.3,5688227905.2,5655151008.4,5892765188.4,4794042371.9,5107005795.5,5864138345.8,6284467791.5,6967641266.1,6255767963.5,5064781761.7,5701040187.5,5780325836.3,5776504655.7,6181999152.8,6617099971.6,8141786946.8,8884014490.4,9895204080.3,10994252972.4,12990057752.2,13248377783.1,14344481737.5,
Brasil,BRA,"Deuda externa acumulada, total (DOD, US$ a precios actuales)",DT.DOD.DECT.CD,144599577124.3,152903103557.7,160964228343.5,181793526989.2,198980293495.1,241998415763.8,245114967226,242511685521.8,229959717402.1,231944181034.5,235907984168.4,220693592600.6,188364545589.9,194303018016.9,238444452622.6,262957236462.6,281651138432.4,352364412862.6,404046105342.1,440515187632.7,483765362833.9,556919631071.7,543397356309.8,543257228545.3,543000326110.9,557741343211.2,569398314074.4,
Barbados,BRB,"Deuda externa acumulada, total (DOD, US$ a precios actuales)",DT.DOD.DECT.CD,,,,,,,,,,,,,,,,,,,,,,,,,,,,
Brunei Darussalam,BRN,"Deuda externa acumulada, total (DOD, US$ a precios actuales)",DT.DOD.DECT.CD,,,,,,,,,,,,,,,,,,,,,,,,,,,,
Bhután,BTN,"Deuda externa acumulada, total (DOD, US$ a precios actuales)",DT.DOD.DECT.CD,96619573,104507960.6,105769087.6,113040448.6,119619860,171042023.7,192034098.7,211571982.8,272712510.2,386049931.1,493626169.2,601316819.9,656602174.2,721112613.6,801238273.2,693075804.2,786548880.3,934629272.1,1070492249.6,1449649049.9,1528150602.3,1841155641.3,2011104022.8,2289670352.4,2607949876.9,2551977085,2703286731.6,
Botswana,BWA,"Deuda externa acumulada, total (DOD, US$ a precios actuales)",DT.DOD.DECT.CD,663983873,700397765.1,717153185,626530347.7,574727348,532169048.7,510191242.4,452434627.4,400352880.4,491350071,514126449.3,515796292.8,460538960.4,364731487.2,425189546.8,448508779.9,1643300883.2,1806938426.7,2395188968.7,2526374996,2388280380.5,2499532552.1,2236640614.3,2126448971.8,1741386786.6,1782037130.2,1565096393.6,
República Centroafricana,CAF,"Deuda externa acumulada, total (DOD, US$ a precios actuales)",DT.DOD.DECT.CD,875128942.6,888050750.8,945983160.3,932746933.3,882958613.1,918825268.8,924194362.5,869008795.3,834810718.1,1083576140.7,1064243826,1116732591.6,1044778987.1,1049101554.1,1029858389.6,998708752.1,550619216,634315034.6,571183516.3,577189130.3,597605441.3,661591243,730294678.5,735399666.2,762760558.8,820355739.5,882368356.5,
Canadá,CAN,"Deuda externa acumulada, total (DOD, US$ a precios actuales)",DT.DOD.DECT.CD,,,,,,,,,,,,,,,,,,,,,,,,,,,,
Europa Central y del Báltico,CEB,"Deuda externa acumulada, total (DOD, US$ a precios actuales)",DT.DOD.DECT.CD,,,,,,,,,,,,,,,,,,,,,,,,,,,,
Suiza,CHE,"Deuda externa acumulada, total (DOD, US$ a precios actuales)",DT.DOD.DECT.CD,,,,,,,,,,,,,,,,,,,,,,,,,,,,
Islas del Canal,CHI,"Deuda externa acumulada, total (DOD, US$ a precios actuales)",DT.DOD.DECT.CD,,,,,,,,,,,,,,,,,,,,,,,,,,,,
Chile,CHL,"Deuda externa acumulada, total (DOD, US$ a precios actuales)",DT.DOD.DECT.CD,,,,,,,,,,,,,,,,,,,,,,,,,,,,
China,CHN,"Deuda externa acumulada, total (DOD, US$ a precios actuales)",DT.DOD.DECT.CD,86092752669.9,100667359411.3,118314843047,129037039407.6,146911182729.7,144233003396.4,148851545473.3,145936667983.7,184346625754.2,185496990287.7,207210768367.5,247387639368.6,285883878856.6,326444757564.3,377773902515.9,386445623554,454515403264.5,742755776609.5,1054226064017.3,1148178860069.5,1480489123608.3,1778390716101,1333777000353,1413804345434.8,1704516192888.5,1961528186354.2,2114162881662.2,
Côte d'Ivoire,CIV,"Deuda externa acumulada, total (DOD, US$ a precios actuales)",DT.DOD.DECT.CD,19070886308.1,17395169456.9,18898425486.5,19523620342.2,15608687763.3,14851815127.1,13221902540.7,12059905375.8,11620368633.5,11708673980.2,11680518563.4,13178855340.3,12010684931.6,13644008874.8,14385487798.1,12967578597.9,14895852333.1,11703427489.9,12791036139.9,9543211323.6,9855282186.8,9804687583.5,11387731266.8,11457186653.5,13448932004.3,15653396130.7,19182287178.2,
Camerún,CMR,"Deuda externa acumulada, total (DOD, US$ a precios actuales)",DT.DOD.DECT.CD,7745306458.5,9358516039,10953419023.3,11074529701.3,10751459761.8,11317978713.1,10765384769.6,10561281361.4,9748844313,10285903206,11408147625.6,10855782708.2,7700089817.9,3418558775.7,3085552120.7,2835553588.4,3237320906.9,3190178368.7,3094521348.4,3887910776.5,5177990626.2,5765541169.1,7304904667,7826795642.2,10009769229.5,10863980452.9,12815318440.7,
"Congo, República Democrática del",COD,"Deuda externa acumulada, total (DOD, US$ a precios actuales)",DT.DOD.DECT.CD,11263657313.4,12311690430.3,13229233701.9,12819900506.7,12326993316.6,13192158065.4,12155730264.7,11804397525.6,11612181086.8,10051613856,11433512788,11524216857.1,10683990345.3,11326304418.6,12459468772.6,12296407089.8,13093038536.4,6136642481.8,5473720855.3,5615753343.6,6132474131.8,5481886984.1,5327954207.4,5021565632.4,5083895441.8,4955691893.5,5437546237.5,
"Congo, República del",COG,"Deuda externa acumulada, total (DOD, US$ a precios actuales)",DT.DOD.DECT.CD,5092940382.6,5414066741.8,6009994883.9,5220897392.4,5032532283.5,5100294660.3,5028225458.1,4675949721.5,4820677198.8,5012243895.3,5537629589.3,6834196169.1,6293459091.9,6679740602.5,5277508224.9,5398668926.9,5045860534.8,2789243769.1,3119281098.5,3456907947.6,4012407160,4259618890.8,4218711609.4,3997931626.7,4361234753.4,4314148645.6,6180775666.8,
Colombia,COL,"Deuda externa acumulada, total (DOD, US$ a precios actuales)",DT.DOD.DECT.CD,19227912007.6,22219527944.1,25347081126.7,29206623223.1,32277648233.6,33420800455.2,34845494450.5,34329248550.6,36614196486.3,33581481521.5,37324166936.2,38237909040.2,37497341480,38621303304.6,44323265169.8,47039916554.3,53678222227.4,64432098617.3,76162726605.4,79246354929,92639778394.9,104603270439.7,113363407932.3,120504181944.8,125546393081.7,132742261337.9,138695032538.7,
Comoras,COM,"Deuda externa acumulada, total (DOD, US$ a precios actuales)",DT.DOD.DECT.CD,185123541.7,197159439.1,208925905.4,220902346.9,222230696.3,229844128.3,231531804.5,232285377.4,242747448.1,270536977.6,289991668.2,304262777.8,288623246,293423707,287667291,276201185.1,286766514,278373937.8,275725988.2,252330024.2,147531331.2,141753606.4,130562671.9,190574571.8,197214215,282823184.8,299464522.7,
Cabo Verde,CPV,"Deuda externa acumulada, total (DOD, US$ a precios actuales)",DT.DOD.DECT.CD,147571336.8,175919927.3,214117753.8,202637635.8,206529452.3,246754113.6,328538337,319703769.2,345641178.3,387894289.8,441401882.3,464179206.7,477481514.4,524173293.2,580579758.5,626140970.8,724582325.6,884596455.5,1041231867.4,1248581306.6,1492658762.2,1550676370.5,1550185095,1551733555.5,1789970312.7,1767451777.7,1821219111.3,
Costa Rica,CRI,"Deuda externa acumulada, total (DOD, US$ a precios actuales)",DT.DOD.DECT.CD,3937428106,3971807626.7,3857695605,3528323424.1,3505532963.5,3961189288.2,4215090815.1,4692408663.5,4886538321.9,5070865565.3,5650888483.3,5710643831.6,6485430911.5,6993562813.7,8410942483.7,8838788690.4,7760168636.8,8154409880.2,10271452441.9,14310369555.7,17134573111,19722088699.2,23588779506.4,25562670955.2,25615909360.8,28369002758.1,29823001229,
Estados pequeos del Caribe,CSS,"Deuda externa acumulada, total (DOD, US$ a precios actuales)",DT.DOD.DECT.CD,,,,,,,,,,,,,,,,,,,,,,,,,,,,
Cuba,CUB,"Deuda externa acumulada, total (DOD, US$ a precios actuales)",DT.DOD.DECT.CD,,,,,,,,,,,,,,,,,,,,,,,,,,,,
Curacao,CUW,"Deuda externa acumulada, total (DOD, US$ a precios actuales)",DT.DOD.DECT.CD,,,,,,,,,,,,,,,,,,,,,,,,,,,,
Islas Caimán,CYM,"Deuda externa acumulada, total (DOD, US$ a precios actuales)",DT.DOD.DECT.CD,,,,,,,,,,,,,,,,,,,,,,,,,,,,
Chipre,CYP,"Deuda externa acumulada, total (DOD, US$ a precios actuales)",DT.DOD.DECT.CD,,,,,,,,,,,,,,,,,,,,,,,,,,,,
República Checa,CZE,"Deuda externa acumulada, total (DOD, US$ a precios actuales)",DT.DOD.DECT.CD,,,,,,,,,,,,,,,,,,,,,,,,,,,,
Alemania,DEU,"Deuda externa acumulada, total (DOD, US$ a precios actuales)",DT.DOD.DECT.CD,,,,,,,,,,,,,,,,,,,,,,,,,,,,
Djibouti,DJI,"Deuda externa acumulada, total (DOD, US$ a precios actuales)",DT.DOD.DECT.CD,232491922.3,257658603.4,272434675.9,287624812.5,262659377.9,279000824.9,269345158.3,297640325.2,299481210.7,358436688.1,395298449.8,459978368.8,486581369.4,566294148.7,809758970.3,844865800.2,898119190.6,768141416,768908867,801669656.2,819667507.3,942188155.2,1226479152.5,1701148853.8,2266760135.7,2321183981.2,2552387069.6,
Dominica,DMA,"Deuda externa acumulada, total (DOD, US$ a precios actuales)",DT.DOD.DECT.CD,98251335.7,99698516.3,104872376.3,116474724,105116658.4,113898854.9,134177325.7,183329449.5,232891070.6,248883164.5,307393729.2,324952433,294216801.6,272826815,265526478.1,260470785.8,271883558.1,271398373.2,280448697.4,304779240.8,309862673.4,308231897.2,317214934.8,300168362.9,299719824.9,283303809,282940980,
Dinamarca,DNK,"Deuda externa acumulada, total (DOD, US$ a precios actuales)",DT.DOD.DECT.CD,,,,,,,,,,,,,,,,,,,,,,,,,,,,
República Dominicana,DOM,"Deuda externa acumulada, total (DOD, US$ a precios actuales)",DT.DOD.DECT.CD,4957324456.8,4366328681.9,4532953461.9,4414764302,4309979738.7,4473713207.6,4794696438.9,4617977128,5212380882.2,6574924040.6,7276848800,7818993970.6,7751825568.3,9219827515.2,10747913578.6,10609348066.3,11853860787.9,13498619112.4,15097329632.2,22101553440.9,23957824116.7,26269411804.8,26727433234.9,28291448928.1,31167925927.9,33974053651.9,35919087407.7,
Argelia,DZA,"Deuda externa acumulada, total (DOD, US$ a precios actuales)",DT.DOD.DECT.CD,26274665108.1,30239373924.7,33048876968.7,33651326322.4,30896804008.7,30686949509,28203525381.3,25461612754.1,22747999963,23038017583.3,23769718848.8,22415754059.3,17082006705.4,5899284213,6130383257.9,6240543720.9,7414292616.4,7252969908.9,6053727067.1,5515687723.5,5245600941,5521103961.6,4671321212.4,5462929063.8,5706735537.1,5710413690,5492302707.3,
Asia oriental y el Pacífico (excluido altos ingresos),EAP,"Deuda externa acumulada, total (DOD, US$ a precios actuales)",DT.DOD.DECT.CD,302092104026.1,353296105337.3,421594791939.3,454850372610.4,479410365205.1,491363808321.7,494695783619.3,456122624095.2,469838675375.1,466184093493.7,495192499477.9,540306598283.1,581157834729.4,619674555587.2,690152290653.8,717701786101.2,828785428868.4,1191940939067.2,1556395869563,1738039177022.5,2096338052948,2438548420969.2,2003609060986.4,2112097286518.8,2481822966317.8,2788935107405.6,2993387311918.6,
inicial del dividendo demográfico,EAR,"Deuda externa acumulada, total (DOD, US$ a precios actuales)",DT.DOD.DECT.CD,,,,,,,,,,,,,,,,,,,,,,,,,,,,
Asia oriental y el Pacífico,EAS,"Deuda externa acumulada, total (DOD, US$ a precios actuales)",DT.DOD.DECT.CD,,,,,,,,,,,,,,,,,,,,,,,,,,,,
Europa y Asia central (excluido altos ingresos),ECA,"Deuda externa acumulada, total (DOD, US$ a precios actuales)",DT.DOD.DECT.CD,217776949568.6,226755820860.6,239251393970.5,253126638307.6,266070890678.4,333658140910.9,351004916854.4,338895385452.2,340684483390,361306369536.6,438632035545.7,504897096328.3,572727717276,740154412748.2,979559883708.5,1070229241011.6,1076177503571.5,1148364636719.9,1308172371430.2,1412278531907.6,1584025953454.8,1464578108213.1,1356001571854.5,1443221019280,1495220234071.2,1420060133243.3,1464576072791.9,
Europa y Asia central,ECS,"Deuda externa acumulada, total (DOD, US$ a precios actuales)",DT.DOD.DECT.CD,,,,,,,,,,,,,,,,,,,,,,,,,,,,
Ecuador,ECU,"Deuda externa acumulada, total (DOD, US$ a precios actuales)",DT.DOD.DECT.CD,14119666467.1,18104800381.1,17000779726.1,17448118080.5,18355380902.4,18513032219.1,19100416764.2,17174293325,17805836810.2,19577250174.5,19967129789.1,20622972717.6,20423092328,20385516556.2,21108482826.1,19022237670.9,13366010557.9,15377007843.6,16167801266.2,16249104507.3,19080452491.3,24992722309.7,28401589260.4,35376646978.5,41151961831,44934958423.5,51725111482.7,
"Egipto, República Árabe de",EGY,"Deuda externa acumulada, total (DOD, US$ a precios actuales)",DT.DOD.DECT.CD,30651243858.9,32499139580,33475216024.7,31512670142.2,29952913694.8,32347186890.4,31121616151.4,29232716500.9,28331673242.3,29671747582,30467606765.2,31403286339,30575696632.4,31025131832.6,34594605133.8,33911646196.5,35397684322.4,36775092025,35175105537.6,40028196098.1,46501579104.5,41741489490.1,49846045120.1,69163941956.8,84722482199.7,100186063063.6,115079598759.7,
Zona del Euro,EMU,"Deuda externa acumulada, total (DOD, US$ a precios actuales)",DT.DOD.DECT.CD,,,,,,,,,,,,,,,,,,,,,,,,,,,,
Eritrea,ERI,"Deuda externa acumulada, total (DOD, US$ a precios actuales)",DT.DOD.DECT.CD,,29056800.1,36689461.6,44286454.5,75455613.8,146136192,273362649.1,329696750.6,432797640.1,540750572.1,656094138.2,760244436.6,757208868.8,822735305.2,896724741.4,997784245.2,1050653956.3,1037276233.9,1050966567.3,990937207.5,943357521.7,906782925.5,873287801.3,797254598.7,820766657.9,791199901.6,771710773.6,
España,ESP,"Deuda externa acumulada, total (DOD, US$ a precios actuales)",DT.DOD.DECT.CD,,,,,,,,,,,,,,,,,,,,,,,,,,,,
Estonia,EST,"Deuda externa acumulada, total (DOD, US$ a precios actuales)",DT.DOD.DECT.CD,,,,,,,,,,,,,,,,,,,,,,,,,,,,
Etiopía,ETH,"Deuda externa acumulada, total (DOD, US$ a precios actuales)",DT.DOD.DECT.CD,9717488583.7,10079654017.6,10324075338,10091749359.6,10090618084.6,10360532218,5572314681.4,5516263792.3,5745843979,6552441032.8,7281813432.4,6568177206.7,6175805430.4,2220991208.6,2591387173.4,2846424291.2,5360207433.9,7286199658.5,8606448543.8,10463932699.2,12584252082.9,16945024499.2,20519350424.1,23473611284.1,26233362394.7,27793379640.3,28287820758.5,
Unión Europea,EUU,"Deuda externa acumulada, total (DOD, US$ a precios actuales)",DT.DOD.DECT.CD,,,,,,,,,,,,,,,,,,,,,,,,,,,,
Frágiles y situaciones de conflicto afectados,FCS,"Deuda externa acumulada, total (DOD, US$ a precios actuales)",DT.DOD.DECT.CD,,,,,,,,,,,,,,,,,,,,,,,,,,,,
Finlandia,FIN,"Deuda externa acumulada, total (DOD, US$ a precios actuales)",DT.DOD.DECT.CD,,,,,,,,,,,,,,,,,,,,,,,,,,,,
Fiji,FJI,"Deuda externa acumulada, total (DOD, US$ a precios actuales)",DT.DOD.DECT.CD,246248945.3,196861157.8,183417026,165771501,158130798.8,140365632.2,130948126.2,121627935.4,108489690.1,138478367.3,185231310.3,190842090.4,229766509.7,300324464.8,325032776.2,480705436.7,691416268.5,731137022.4,1016787517.9,951642618.1,959404600.6,962607045.4,888825435,939748843,1007539373.7,979470658.2,1019989627,
Francia,FRA,"Deuda externa acumulada, total (DOD, US$ a precios actuales)",DT.DOD.DECT.CD,,,,,,,,,,,,,,,,,,,,,,,,,,,,
Islas Feroe,FRO,"Deuda externa acumulada, total (DOD, US$ a precios actuales)",DT.DOD.DECT.CD,,,,,,,,,,,,,,,,,,,,,,,,,,,,
Micronesia (Estados Federados de),FSM,"Deuda externa acumulada, total (DOD, US$ a precios actuales)",DT.DOD.DECT.CD,,,,,,,,,,,,,,,,,,,,,,,,,,,,
Gabón,GAB,"Deuda externa acumulada, total (DOD, US$ a precios actuales)",DT.DOD.DECT.CD,3862504189.7,4173198026.2,4362737008.3,4313553814.7,4282600648,4430828795.7,4006728293.6,3930290528.8,3447234061.4,3517028368.8,3806803406.1,4125262157.2,3996271846.4,4381593459.6,5145189248.2,2500884813.1,2725272930.7,2928709658.2,3196111717.5,3253510718.2,4834619861.8,4657695158.9,5119456818.5,5336059263.7,6499313033.2,6766489717.7,7193005111.5,
Reino Unido,GBR,"Deuda externa acumulada, total (DOD, US$ a precios actuales)",DT.DOD.DECT.CD,,,,,,,,,,,,,,,,,,,,,,,,,,,,
Georgia,GEO,"Deuda externa acumulada, total (DOD, US$ a precios actuales)",DT.DOD.DECT.CD,558986470.1,1450018420.1,1240357909,1361321590.8,1465764166.6,1648137048.9,1851041690.9,1825515848.6,1909485070.3,2034422947.1,2148630818.2,2316620171.1,2151260501,2573385096.3,2986949884.4,7721515061.9,8672797229.9,8790390910.4,10817606103.3,12624714164.4,13603272482.6,14157391179.6,14874617981.4,16320114022.1,16423920739.6,17326170640.8,17311924467.1,
Ghana,GHA,"Deuda externa acumulada, total (DOD, US$ a precios actuales)",DT.DOD.DECT.CD,4886542112,5469152460.4,5935777124.3,6442990348.8,6347327632.8,6969089358.3,7103705178.5,6743341663.2,6860995876.9,7640294825.3,8301000837.7,7239727088.5,7334787205.4,3699920203.2,4298139557.2,4718475855.8,6610060990.4,8366515757.3,10412993045.6,11993964243,16114986300.8,17846049246.8,20115972026.3,21152044136.9,22326328380.7,23331861950.6,26958719428.5,
Gibraltar,GIB,"Deuda externa acumulada, total (DOD, US$ a precios actuales)",DT.DOD.DECT.CD,,,,,,,,,,,,,,,,,,,,,,,,,,,,
Guinea,GIN,"Deuda externa acumulada, total (DOD, US$ a precios actuales)",DT.DOD.DECT.CD,2788314681.5,3059758299.1,3199868933.9,3194910989.9,3466486939.2,3500192721.7,3154152142.8,3024329172,2862555839.9,3115594256.9,3132188897.9,3373210129.3,3345908743.7,3445041492.9,3617146935.1,3473570957.8,3497118322.1,3466046338.4,3424266324.5,1477176174,1765320891.6,1896708971,2048365280.7,2095698636.7,2228638132.8,2396656377.3,2866810481.2,
Gambia,GMB,"Deuda externa acumulada, total (DOD, US$ a precios actuales)",DT.DOD.DECT.CD,425974575.1,422977251.4,426068749.7,451989840.9,424645554.3,459520620.6,471742641.4,490095321.7,494465870.5,583707793.6,643387382.1,681059472.1,667068110.3,717772695,700067929.4,401850387.8,528190671.7,548018337.4,506226594,541820520.3,551453731,524210916.7,534740811.3,527088062,668300245,696271776.8,717924301.5,
Guinea-Bissau,GNB,"Deuda externa acumulada, total (DOD, US$ a precios actuales)",DT.DOD.DECT.CD,786803311.4,849536430.8,893864789.9,935792769.8,921085531.8,970399599.9,940385217.5,948834343.1,903107735.5,977940699.6,1065441068.2,1114785117.2,1022672668.4,1047373767.9,1092302823.2,1104282943.1,1164030337.6,1125593470.1,300737640.8,297182454.1,298596677,308643082.9,355662907.7,336310407.6,436892184.1,543083864.3,634844920.9,
Guinea Ecuatorial,GNQ,"Deuda externa acumulada, total (DOD, US$ a precios actuales)",DT.DOD.DECT.CD,,,,,,,,,,,,,,,,,,,,,,,,,,,,
Grecia,GRC,"Deuda externa acumulada, total (DOD, US$ a precios actuales)",DT.DOD.DECT.CD,,,,,,,,,,,,,,,,,,,,,,,,,,,,
Granada,GRD,"Deuda externa acumulada, total (DOD, US$ a precios actuales)",DT.DOD.DECT.CD,149341231.6,130260020.6,128146012.9,140689393.7,116640568,172158149.2,137900702.4,199420878.4,235652510.6,372086143.1,369076336.6,429599096.4,362225849.5,452574948.4,487671808.2,538874448.7,556610998.4,560589966.8,532309611.8,589257177.2,586831029.3,637672103.3,601161099.1,602402451,543346541.6,549854201.5,550420866.4,
Groenlandia,GRL,"Deuda externa acumulada, total (DOD, US$ a precios actuales)",DT.DOD.DECT.CD,,,,,,,,,,,,,,,,,,,,,,,,,,,,
Guatemala,GTM,"Deuda externa acumulada, total (DOD, US$ a precios actuales)",DT.DOD.DECT.CD,2945010418.7,3162188947.6,3335545326.7,3414092731.3,3513160298.8,3691416630.7,3873237129.5,3948027445.6,4381821175.1,4527094223.8,5157578025.6,8094354233.7,9506426234.1,10946171835,12678187392.3,13823078747.7,14824423718,15043073564.1,16281345423.5,15367094556.4,17484024518.8,19511836131.6,20378217942.1,21479829604.4,23944893723.8,23407720210.1,26590513158.6,
Guam,GUM,"Deuda externa acumulada, total (DOD, US$ a precios actuales)",DT.DOD.DECT.CD,,,,,,,,,,,,,,,,,,,,,,,,,,,,
Guyana,GUY,"Deuda externa acumulada, total (DOD, US$ a precios actuales)",DT.DOD.DECT.CD,1967750372.7,2051880898.6,2118471710.1,1607335579,1590512898.5,1480883510.6,1433536564.9,1374473166.9,1327603202.2,1390166088.4,1454158541.9,1368422040.1,1238833544.5,1163165911.8,848663074.1,990493994.7,1427924569.8,1408397852,2006674225,1974229280.9,2302020563.8,2341948615.5,1636917068,1643860201.4,1582869380.4,1607991133.9,1597335212.8,
Ingreso alto,HIC,"Deuda externa acumulada, total (DOD, US$ a precios actuales)",DT.DOD.DECT.CD,,,,,,,,,,,,,,,,,,,,,,,,,,,,
"Hong Kong, Región Administrativa Especial",HKG,"Deuda externa acumulada, total (DOD, US$ a precios actuales)",DT.DOD.DECT.CD,,,,,,,,,,,,,,,,,,,,,,,,,,,,
Honduras,HND,"Deuda externa acumulada, total (DOD, US$ a precios actuales)",DT.DOD.DECT.CD,4432302415.1,4792475230.1,4910256065.8,4806522988.7,4943512916.2,5100413863,5583856168.8,5616776612.6,5159558392.8,5491495663.9,5656942754.9,6205542461.2,5170226183.5,3987694941.5,3010680924.1,3517193356.3,3835948442.9,4008010903.5,4419294950.2,5086125313.5,6867621206.6,7369414615.7,7626993493.8,7614296900.4,8741578894.1,9166829328.2,9767488319.6,
Países pobres muy endeudados (PPME),HPC,"Deuda externa acumulada, total (DOD, US$ a precios actuales)",DT.DOD.DECT.CD,,,,,,,,,,,,,,,,,,,,,,,,,,,,
Croacia,HRV,"Deuda externa acumulada, total (DOD, US$ a precios actuales)",DT.DOD.DECT.CD,,,,,,,,,,,,,,,,,,,,,,,,,,,,
Haití,HTI,"Deuda externa acumulada, total (DOD, US$ a precios actuales)",DT.DOD.DECT.CD,845830044.3,758204227.1,837402729.3,924237596.4,1071797087.1,1068532781.9,1221741577.8,1203393476.2,1285544239,1280698138.8,1364909986.9,1284484871.5,1333931157.9,1416972000.4,1601590631.4,1964488511.2,1448420667.7,959066834.3,775845587.7,1163440488.7,1569393195.2,1951930399.9,2096138364.2,2167818423,2169815133.3,2219747746.5,2213887988.5,
Hungría,HUN,"Deuda externa acumulada, total (DOD, US$ a precios actuales)",DT.DOD.DECT.CD,,,,,,,,,,,,,,,,,,,,,,,,,,,,
Sólo BIRF,IBD,"Deuda externa acumulada, total (DOD, US$ a precios actuales)",DT.DOD.DECT.CD,,,,,,,,,,,,,,,,,,,,,,,,,,,,
BIRF y la AIF,IBT,"Deuda externa acumulada, total (DOD, US$ a precios actuales)",DT.DOD.DECT.CD,,,,,,,,,,,,,,,,,,,,,,,,,,,,
total de la AIF,IDA,"Deuda externa acumulada, total (DOD, US$ a precios actuales)",DT.DOD.DECT.CD,,,,,,,,,,,,,,,,,,,,,,,,,,,,
mezcla de la AIF,IDB,"Deuda externa acumulada, total (DOD, US$ a precios actuales)",DT.DOD.DECT.CD,,,,,,,,,,,,,,,,,,,,,,,,,,,,
Indonesia,IDN,"Deuda externa acumulada, total (DOD, US$ a precios actuales)",DT.DOD.DECT.CD,89157126589.4,107819781286.8,124399503875.8,129003514948,136339703441,151484839252.8,151806502424.2,144048996549.8,132710089751.5,128444200507.9,134372632167.3,138041813871.8,142131795440.2,135970010956.9,147827337604.3,157916194612.4,179404705351,198278352695.5,219629383247.4,252622872897.3,263643564688.9,292565178479.7,307749279474.2,318942189755.8,353564020104.9,379588979497,402083881043.8,
Sólo AIF,IDX,"Deuda externa acumulada, total (DOD, US$ a precios actuales)",DT.DOD.DECT.CD,,,,,,,,,,,,,,,,,,,,,,,,,,,,
Isla de Man,IMN,"Deuda externa acumulada, total (DOD, US$ a precios actuales)",DT.DOD.DECT.CD,,,,,,,,,,,,,,,,,,,,,,,,,,,,
India,IND,"Deuda externa acumulada, total (DOD, US$ a precios actuales)",DT.DOD.DECT.CD,91330328767.5,97898626998.8,93808975940.1,93966076365.7,94059291709,98333648294.5,99779510346.3,101131491179.6,99500093585.5,105741601402,118884622369.5,123644485822.1,121195478444.5,159525518911.4,204057539299.5,227111768434.6,256312241333.4,290427544563.2,334399298473.1,392576047064.3,427245080644.8,457507409077.4,478825585025.1,455502090498.9,511474554373.6,521034317277.3,560034518482.5,
No clasificado,INX,"Deuda externa acumulada, total (DOD, US$ a precios actuales)",DT.DOD.DECT.CD,,,,,,,,,,,,,,,,,,,,,,,,,,,,
Irlanda,IRL,"Deuda externa acumulada, total (DOD, US$ a precios actuales)",DT.DOD.DECT.CD,,,,,,,,,,,,,,,,,,,,,,,,,,,,
"Irán, República Islámica del",IRN,"Deuda externa acumulada, total (DOD, US$ a precios actuales)",DT.DOD.DECT.CD,23392435930.4,21792481976.9,21681652185.7,16684178793.1,11697339746.3,12341638353.4,9742304899.9,8800053478.5,8280878565,8934505230.4,14235372770.8,20950347846.7,21393520935.6,20494226261.2,20834072180.2,16026650174.6,18609984963.8,19768742370.1,17260291984,7481952279.1,7013040853.2,5817911004,6453318275.2,6058410415.5,6819108653.3,5773713286.5,4833707799.7,
Iraq,IRQ,"Deuda externa acumulada, total (DOD, US$ a precios actuales)",DT.DOD.DECT.CD,,,,,,,,,,,,,,,,,,,,,,,,,,,,
Islandia,ISL,"Deuda externa acumulada, total (DOD, US$ a precios actuales)",DT.DOD.DECT.CD,,,,,,,,,,,,,,,,,,,,,,,,,,,,
Israel,ISR,"Deuda externa acumulada, total (DOD, US$ a precios actuales)",DT.DOD.DECT.CD,,,,,,,,,,,,,,,,,,,,,,,,,,,,
Italia,ITA,"Deuda externa acumulada, total (DOD, US$ a precios actuales)",DT.DOD.DECT.CD,,,,,,,,,,,,,,,,,,,,,,,,,,,,
Jamaica,JAM,"Deuda externa acumulada, total (DOD, US$ a precios actuales)",DT.DOD.DECT.CD,4425210373.2,4651072788.5,4622579407.2,4101953169.9,3825332634.2,3952122370.6,4034619275.2,4827985734.6,5484756485.7,5608139724.4,5726989401.2,6553560517.1,6627422418.3,8121063793.3,10530735850.5,10437770844.1,11123704259.7,14193367149.2,14331877940.2,14308795713.6,12950945321.6,14142165820.6,14134200975.2,14127210394.7,14808025916.3,16505358500.9,15861791889.2,
Jordania,JOR,"Deuda externa acumulada, total (DOD, US$ a precios actuales)",DT.DOD.DECT.CD,7630572048.1,7552887476.4,7660567356.1,7379761663.3,7313830926.3,7560990588.3,8106195546.9,11062638714.5,11885718015.6,13015834374.6,12650313309.7,13047244335.6,12913476404.9,13998412580.7,15010165909.4,13984066116.8,14443623934.1,17081278640.7,17677053266.6,18496309834.7,23199590270.8,24323978192.1,25791697222.2,27292436393.9,30232716657.5,32157084236.7,33683195972.9,
Japón,JPN,"Deuda externa acumulada, total (DOD, US$ a precios actuales)",DT.DOD.DECT.CD,,,,,,,,,,,,,,,,,,,,,,,,,,,,
Kazajstán,KAZ,"Deuda externa acumulada, total (DOD, US$ a precios actuales)",DT.DOD.DECT.CD,1727754137.6,2789562086.4,3750246013.7,2922220065,4077953308.9,6074807301.8,6600356817.2,12890152382.6,15339983924.1,18437239277.2,23226790596.7,33233124794,43861793757.3,74438311787.2,96240591774.7,106738597246.1,109741327702.3,119150770510.9,124330240756,135531190779.5,149707828668.6,157697564867,153179602966.4,163488458648.4,158948966204.6,156979029654.8,156263392233.4,
Kenya,KEN,"Deuda externa acumulada, total (DOD, US$ a precios actuales)",DT.DOD.DECT.CD,7111518961.1,7124419830.7,7309198401,6813721635.2,6465020215.1,6823161838.5,6524904617.7,6147150097.6,5495276586,6095869527.9,6715084650.7,6916593410.5,6489733475.8,6691670449.8,7549036617.4,7669044524.4,8558933886.8,8856240083.6,10155961500.5,11873346634.9,13798577600.5,16911889739.7,19776929996.7,21061327084.5,26197804743.9,30688081446.2,34217072395.4,
Kirguistán,KGZ,"Deuda externa acumulada, total (DOD, US$ a precios actuales)",DT.DOD.DECT.CD,292085078.1,446758489.5,609470825.3,1136989888.4,1340946373.3,1505065681,1852206783.5,1937816109.8,1823857616.9,1957506328.4,2148372909.4,2560865743.3,2256599326.4,2596155992.5,2878747157.8,3628104689.4,4118812292.1,4118497688,5493240304.9,6035847044.9,6815112968.3,7286978077.7,7720310805.7,7975486712.2,8131220078.1,8171080020.4,8338554140.9,
Camboya,KHM,"Deuda externa acumulada, total (DOD, US$ a precios actuales)",DT.DOD.DECT.CD,1657688468.3,1743207879.7,1854015535.6,1916699701,1931499360,2001835074.1,2067765596.3,2108290127.2,2178847689.5,2391328664.2,2681720223.8,2887808083.7,2931265765.5,3022016518.5,2237259081.3,2640021413.8,3294631329.7,3999257195.1,4646168730.3,6736051653.7,7605902952.5,8305563791.8,9423813773,10048547071.5,11414318563.9,13522187464.5,15318173630.6,
Kiribati,KIR,"Deuda externa acumulada, total (DOD, US$ a precios actuales)",DT.DOD.DECT.CD,,,,,,,,,,,,,,,,,,,,,,,,,,,,
Saint Kitts y Nevis,KNA,"Deuda externa acumulada, total (DOD, US$ a precios actuales)",DT.DOD.DECT.CD,,,,,,,,,,,,,,,,,,,,,,,,,,,,
"Corea, República de",KOR,"Deuda externa acumulada, total (DOD, US$ a precios actuales)",DT.DOD.DECT.CD,,,,,,,,,,,,,,,,,,,,,,,,,,,,
Kuwait,KWT,"Deuda externa acumulada, total (DOD, US$ a precios actuales)",DT.DOD.DECT.CD,,,,,,,,,,,,,,,,,,,,,,,,,,,,
América Latina y el Caribe (excluido altos ingresos),LAC,"Deuda externa acumulada, total (DOD, US$ a precios actuales)",DT.DOD.DECT.CD,479527549952.5,517874810076.2,581562631649.8,602499667095.8,641762040127.2,718543445004.6,742790491089.4,722996212546.1,726247786888.7,716764958238.9,754969282071.5,758780170047.6,698261329034.8,695796261132.5,798255850524.9,851264356902.6,898578210098.6,1063851078158.9,1219790694684.7,1360374081172.5,1502215299901,1656580105471.2,1666818931124.9,1702649857389.7,1789242155573.9,1883233025798.8,1926595007142.6,
República Democrática Popular Lao,LAO,"Deuda externa acumulada, total (DOD, US$ a precios actuales)",DT.DOD.DECT.CD,1986718378.2,2071421024.2,2158263219.7,2258225068.4,2325961460.1,2459333771.6,2559997882.5,2531032369.6,2585719431.9,3168466117.1,2506301750.6,2949489392.8,3278601893.1,3805627505.8,4987662711.3,5653261689.8,6383404582.6,6553667990.7,7081958070.9,7422652822.1,8190446369,9640187102.4,11641638995.9,13535197951.4,14696398018.4,15377362122.2,16701083150.5,
Líbano,LBN,"Deuda externa acumulada, total (DOD, US$ a precios actuales)",DT.DOD.DECT.CD,1352746947,2126701899.6,2975570831.6,4019242812.7,5093689592.1,6973464912.7,8493083054.7,10075046219.9,13544184075.4,17508057159.3,19039768637.4,22797373797.1,22789997662.8,24226151243.5,25924082108.8,44017794143.6,46144032508.6,47822449898.7,49665586602.6,55722917172.4,62110702275,64461623813.2,68225559537,69515380786.1,74169262683.3,79705793287.4,73985005357.5,
Liberia,LBR,"Deuda externa acumulada, total (DOD, US$ a precios actuales)",DT.DOD.DECT.CD,2237489926.6,2367418669.1,2489150432.9,2423875945.1,2406199569.2,2561185367.6,2588479114.5,2836274327.3,3035970627.4,3293838967,3632799616.2,3862478049.5,3950580336.9,4191788049.1,3777967270.2,3160827104.1,1850279323.4,418851731,448440322.7,487153109,530778316.3,681478405,839147458.6,952648609.9,1122234392,1228490935,1357440617.4,
Libia,LBY,"Deuda externa acumulada, total (DOD, US$ a precios actuales)",DT.DOD.DECT.CD,,,,,,,,,,,,,,,,,,,,,,,,,,,,
Santa Lucía,LCA,"Deuda externa acumulada, total (DOD, US$ a precios actuales)",DT.DOD.DECT.CD,100852543.2,113598527.8,128275618.8,141571045.9,152941378.9,183326352.2,185313652.5,222227639.5,252569438.3,286810194.2,331846693.7,355536778.4,415674032.2,369061061,474860076.9,832193627.4,433132167,579625262.7,451199314.8,428334431.4,471822061.9,526960187.7,530150934.5,542172556.6,622106095.4,615753530,638960013.2,
América Latina y el Caribe,LCN,"Deuda externa acumulada, total (DOD, US$ a precios actuales)",DT.DOD.DECT.CD,,,,,,,,,,,,,,,,,,,,,,,,,,,,
Países menos desarrollados: clasificación de las Naciones Unidas,LDC,"Deuda externa acumulada, total (DOD, US$ a precios actuales)",DT.DOD.DECT.CD,,,,,,,,,,,,,,,,,,,,,,,,,,,,
Países de ingreso bajo,LIC,"Deuda externa acumulada, total (DOD, US$ a precios actuales)",DT.DOD.DECT.CD,99082699757,106276660236.8,110881563315.4,110085641056.5,106798049208.6,114718604934.2,107131430373.1,104325863996.6,99630061554.4,103160340918.7,109785877317.2,111472748424.9,94436138891.5,79710599781.8,86524848367.9,89092016949.4,94626022207.6,89814537457.3,90449128017.7,95786546747.2,112792902503.7,118692894140.2,123823068116.6,128592871728.5,140773644705.1,150269055300.3,159647325771.5,
Liechtenstein,LIE,"Deuda externa acumulada, total (DOD, US$ a precios actuales)",DT.DOD.DECT.CD,,,,,,,,,,,,,,,,,,,,,,,,,,,,
Sri Lanka,LKA,"Deuda externa acumulada, total (DOD, US$ a precios actuales)",DT.DOD.DECT.CD,6902629411,7960615109.6,8395502196.9,8298763054.9,8106316372.4,9057333356.1,9943050525,9249848286.4,8952124828.1,10122942033.8,10725993550,11600420988.8,11300134209.5,11853449200.4,14161321567.6,16320821885.1,19504201128,21684210688.5,25795379781.1,35735941876,39314573725,42262755067,43925370905.3,46661487969.6,50765585409.9,52909414662.2,56095468647,
Países de ingreso mediano bajo,LMC,"Deuda externa acumulada, total (DOD, US$ a precios actuales)",DT.DOD.DECT.CD,439946586477.9,474269514196.3,488860386862.2,487176596071.2,478042069061.5,500581800058.2,511035887076.5,490526296083.3,486420614231.2,514987893144.8,559783071222.6,581896075431.6,546095961125.7,564725914368.8,668094524767,736203961269.9,818658222020.5,926088234225,1034303122682.4,1152419121349.6,1259041558073.6,1320332188216.6,1381289311623.7,1420038785106.3,1585450394939.9,1662277332944.1,1801895958071.7,
Ingreso mediano y bajo,LMY,"Deuda externa acumulada, total (DOD, US$ a precios actuales)",DT.DOD.DECT.CD,1479232995965.5,1624314067911.6,1790247854859.6,1848772291888.3,1907387617641.1,2084763183481.1,2118569753873.3,2040097163104.7,2045804818317.3,2094010409972,2287040809565.9,2434567661381.3,2429325980095.1,2635557638928.5,3143239684508.6,3367631668494.7,3618553409359.7,4301488137559.9,5061235213643.1,5612746148301.4,6380853635132.6,6821672232851,6340338540471.2,6623431979883.5,7316966567526.8,7717624644400.01,8138240872036.71,
Lesotho,LSO,"Deuda externa acumulada, total (DOD, US$ a precios actuales)",DT.DOD.DECT.CD,542372022.5,622553685.7,684357708.7,701229527.2,672950604,688207826.7,687190387.9,769689608.6,684403514,712577931.3,705761420.2,773436561.2,666293758.5,657437143.1,685484471.5,700047301.8,766529460.1,788060174.8,813623741.4,877145936.2,902056102.8,890476478.4,921428686.1,921472674.5,935953109.2,903648840.9,935870653,
avanzada del dividendo demográfico,LTE,"Deuda externa acumulada, total (DOD, US$ a precios actuales)",DT.DOD.DECT.CD,,,,,,,,,,,,,,,,,,,,,,,,,,,,
Lituania,LTU,"Deuda externa acumulada, total (DOD, US$ a precios actuales)",DT.DOD.DECT.CD,,,,,,,,,,,,,,,,,,,,,,,,,,,,
Luxemburgo,LUX,"Deuda externa acumulada, total (DOD, US$ a precios actuales)",DT.DOD.DECT.CD,,,,,,,,,,,,,,,,,,,,,,,,,,,,
Letonia,LVA,"Deuda externa acumulada, total (DOD, US$ a precios actuales)",DT.DOD.DECT.CD,,,,,,,,,,,,,,,,,,,,,,,,,,,,
"Región Administrativa Especial de Macao, China",MAC,"Deuda externa acumulada, total (DOD, US$ a precios actuales)",DT.DOD.DECT.CD,,,,,,,,,,,,,,,,,,,,,,,,,,,,
Isla de San Martín (parte francesa),MAF,"Deuda externa acumulada, total (DOD, US$ a precios actuales)",DT.DOD.DECT.CD,,,,,,,,,,,,,,,,,,,,,,,,,,,,
Marruecos,MAR,"Deuda externa acumulada, total (DOD, US$ a precios actuales)",DT.DOD.DECT.CD,22114998128.9,22988012254.8,23785013677.9,24233330915.5,23501640856.4,23656729840.6,23059874272.6,20789667972.1,18898737529.4,18103630098.9,18336911799.5,17079479926.3,16304189232,17996441932,20732183141.9,21004994745.6,24725387884.3,27295707254.3,29967987911.7,33878312900.9,39299158002,43136898186.6,44391057518.2,47625940199.1,51150256427.5,50314049518.4,54967618609.9,
Mónaco,MCO,"Deuda externa acumulada, total (DOD, US$ a precios actuales)",DT.DOD.DECT.CD,,,,,,,,,,,,,,,,,,,,,,,,,,,,
República de Moldova,MDA,"Deuda externa acumulada, total (DOD, US$ a precios actuales)",DT.DOD.DECT.CD,277649585.7,502493296.4,695156112.5,847654629.7,1082410828.2,1070923032,1186611253.6,1841764696.6,1790545238.9,1964800771.1,2116536512.5,2114078919.5,2219300777.2,2622104183.3,3365279030.6,3724452934.9,3715120838.6,4724734887.4,5216932920.4,5320131158.1,6204086709.3,5851136268.3,6106515557.5,6235211082,6988029842.8,7450970232,7536392270.2,
Madagascar,MDG,"Deuda externa acumulada, total (DOD, US$ a precios actuales)",DT.DOD.DECT.CD,3804731531.5,4096453461.6,4322004158.1,4145801222.5,4108929981.9,4393975739.9,4781749985.1,4726029557,4184263804.7,4543888332.4,4979583730.9,3824731184.5,3525441335.7,1526991065.5,2332269180.4,2533049972.1,2846880423.7,2755972130.7,2867388363.7,2993481414.4,2939311490.7,2962333032.1,3006714077.1,2975696861.1,3382076962.2,3730156549.6,4065354125.4,
Maldivas,MDV,"Deuda externa acumulada, total (DOD, US$ a precios actuales)",DT.DOD.DECT.CD,112349106.8,123524561.1,154866795.9,168205228.4,171332186.7,193599922.6,219239550.1,203023211.5,233027776.1,269846875.2,292920063.3,339687013.4,362336487.4,553705510.9,771851912.5,1147412938.2,1383451322.8,916604218.6,881963777.1,942036987.1,1030147385.5,1104553870.6,1006244803.1,1221999437.3,1515722991.1,2339711918.2,2679184642.9,
Oriente Medio y Norte de África,MEA,"Deuda externa acumulada, total (DOD, US$ a precios actuales)",DT.DOD.DECT.CD,,,,,,,,,,,,,,,,,,,,,,,,,,,,
México,MEX,"Deuda externa acumulada, total (DOD, US$ a precios actuales)",DT.DOD.DECT.CD,131852484881,139914928842.7,166734035992.5,157582830604.4,148844858127.8,160179820334.4,167974626592.2,152557992414.8,166064500842.5,157273704962.7,158672304324.5,165905776664.4,170823243951.4,170608371156.6,196080704340.3,197671888870.4,193342945969.3,245906482290.8,291784441992.3,349275996310.6,406238589780.5,442425894708.7,426913933055.6,421904199300,441576718804.9,453157805481.7,469728739351.2,652561000000
Islas Marshall,MHL,"Deuda externa acumulada, total (DOD, US$ a precios actuales)",DT.DOD.DECT.CD,,,,,,,,,,,,,,,,,,,,,,,,,,,,
 Ingreso mediano,MIC,"Deuda externa acumulada, total (DOD, US$ a precios actuales)",DT.DOD.DECT.CD,1380150296208.5,1518037407674.8,1679366291544.2,1738686650831.8,1800589568432.5,1970044578546.9,2011438323500.2,1935771299108.1,1946174756762.9,1990850069053.3,2177254932248.7,2323094912956.4,2334889841203.6,2555847039146.7,3056714836140.7,3278539651545.3,3523927387152.1,4211673600102.6,4970786085625.4,5516959601554.2,6268060732628.9,6702979338710.8,6216515472354.6,6494839108155,7176192922821.7,7567355589099.71,7978593546265.21,
Macedonia del Norte,MKD,"Deuda externa acumulada, total (DOD, US$ a precios actuales)",DT.DOD.DECT.CD,1041777825.3,1103614118.9,1277120120.9,1818417178.6,1233573682.6,1489949981,1436805641.8,1479940663.1,1498004031.9,1685422711.4,1889308246.6,2829112500.5,2981490108.3,3296991429.4,4174062767.9,4337470537.8,5246917723.5,5159228792.2,6131371643.2,6469415528.3,6736820574.2,7232874195.1,6766734551,7512963879.5,8544276017.3,8666390007.7,8986208892,
Malí,MLI,"Deuda externa acumulada, total (DOD, US$ a precios actuales)",DT.DOD.DECT.CD,2903213185.3,2694518432.5,2958170808,3006602911.2,3152281165.1,3204812997.8,3217973119.8,2981177567.1,2878077838.7,2792059831.3,3076156841.2,3289528748.7,3195558755.3,1603843235.2,1850252388.2,2055380763.6,2210301311.9,2461644864,2927638098.1,3064993824,3445670960.8,3458263550,3691881672.2,3788888867,4294175452.7,4674956142.8,5192187894.9,
Malta,MLT,"Deuda externa acumulada, total (DOD, US$ a precios actuales)",DT.DOD.DECT.CD,,,,,,,,,,,,,,,,,,,,,,,,,,,,
Myanmar,MMR,"Deuda externa acumulada, total (DOD, US$ a precios actuales)",DT.DOD.DECT.CD,5836105779.6,6418593347.3,6261896664.1,5824336419.9,5894669147.3,6113503813.6,6448277408.6,6482210337.9,6092479225.6,6706702919.5,7436375927.8,7706257381.2,7177918756.9,7518933305,8067207319.8,8957289916.5,9495369032.4,10164186966,11107357299.8,11301803145.9,10199559986.4,10243556593.7,10292754836.4,10106939404.2,10759144205.1,10684513512,11114399305.4,
Oriente Medio y Norte de África (excluido altos ingresos),MNA,"Deuda externa acumulada, total (DOD, US$ a precios actuales)",DT.DOD.DECT.CD,146551708408.2,154177467691.2,161791233250.6,157573844887.2,145463308422.7,153782631023.2,149000693346.7,144462105408.6,143200483701.5,151586126063,161698700062.1,172352897554,150559086059.4,144217387439.5,156478001902.7,169121825460.7,182939010709,191124634787.6,190730372393,199633473828.4,222408261494.6,225214311294.5,240064114238.2,267144177238.7,300886629905.7,322904402001.7,340003734962.3,
Montenegro,MNE,"Deuda externa acumulada, total (DOD, US$ a precios actuales)",DT.DOD.DECT.CD,,,,,,,,,,,,,,879825840.4,1299340650.2,1502099048.5,2356696742.8,4521905550.1,5524651521.6,6175932507.5,7196554629.9,6620393969.5,6272671727,6220223867.3,7218787356.9,8027011402.5,8339382593.6,
Mongolia,MNG,"Deuda externa acumulada, total (DOD, US$ a precios actuales)",DT.DOD.DECT.CD,387587630.4,464445079.7,530709459.5,534109092.9,606210429.5,726731457.8,981029420,959974419.2,946235061.7,1102129245.4,1544708956.9,1593614529,1396369453.2,1494391223,1743771481.3,2185574928.2,2987825936.4,5928348234.1,9629415055.9,15567563612.6,19181038169.8,21190754209.8,21939939228.4,24597368893.5,27946455204.4,29683006784.8,31442357714.8,
Mariana,MNP,"Deuda externa acumulada, total (DOD, US$ a precios actuales)",DT.DOD.DECT.CD,,,,,,,,,,,,,,,,,,,,,,,,,,,,
Mozambique,MOZ,"Deuda externa acumulada, total (DOD, US$ a precios actuales)",DT.DOD.DECT.CD,5234126101.2,7305099201.7,7499572546.7,7603771150.4,7659072173.3,8393755739.1,7390489281.2,6680672905.4,4528444143,5186627950.5,5512105010.4,6096030778.2,5991524360.8,4819165357.3,5215177083,5579195369.4,6087509724.7,6036689061.6,6491930901.3,7468417446.4,13158477860.5,13652431758.2,14381960159.4,14427812795.9,16019397652.6,18814372631.1,20354093686.1,
Mauritania,MRT,"Deuda externa acumulada, total (DOD, US$ a precios actuales)",DT.DOD.DECT.CD,2169793892.4,2255603797.7,2390562998.4,2451411242.9,2489391257.3,2389022769.9,2499843794.9,2344637631.9,2251014239.7,2237558424.9,2318671111.4,2299558089.2,2281454208.9,1560130846.4,2568568273.1,2850445607.1,3141949629.8,3556481608.2,3742969896.7,4277706212.4,4522469174.2,4531578245.3,4993494071.2,5080228847.5,5241041040.5,5225505427.4,5369750057,
Mauricio,MUS,"Deuda externa acumulada, total (DOD, US$ a precios actuales)",DT.DOD.DECT.CD,,,,,,,,,,,,,,,,,,,,,,,,,,,,
Malawi,MWI,"Deuda externa acumulada, total (DOD, US$ a precios actuales)",DT.DOD.DECT.CD,1826231847.6,2021054114.3,2238776661.5,2311685185.8,2225560611.3,2438886276,2757065362.4,2716150630.5,2591698365.2,2900916474.8,3111209644.5,3443607862.6,3195998422.2,870594215.5,868946321,994770539.4,1144449860.3,1020774253.2,1213551485.4,1331154479.4,1566325146.5,1666540756.6,1721202630.8,1847005075.2,2162398106.2,2265756324.5,2433898565.7,
Malasia,MYS,"Deuda externa acumulada, total (DOD, US$ a precios actuales)",DT.DOD.DECT.CD,,,,,,,,,,,,,,,,,,,,,,,,,,,,
América del Norte,NAC,"Deuda externa acumulada, total (DOD, US$ a precios actuales)",DT.DOD.DECT.CD,,,,,,,,,,,,,,,,,,,,,,,,,,,,
Namibia,NAM,"Deuda externa acumulada, total (DOD, US$ a precios actuales)",DT.DOD.DECT.CD,,,,,,,,,,,,,,,,,,,,,,,,,,,,
Nueva Caledonia,NCL,"Deuda externa acumulada, total (DOD, US$ a precios actuales)",DT.DOD.DECT.CD,,,,,,,,,,,,,,,,,,,,,,,,,,,,
Níger,NER,"Deuda externa acumulada, total (DOD, US$ a precios actuales)",DT.DOD.DECT.CD,1574772623.6,1542542790.1,1603602191.8,1554793033,1588957267.9,1686927568.3,1716840769.4,1721127519.8,1633337031.5,1847978005.9,2149975773.7,1975937918.6,1961691713,758748981,1089568295.2,954631562.6,1255130748.6,1540340711.8,2220104270.1,1800178231.6,1997766156.4,2011686061.7,2228257987.8,2521912725.6,3044747387.6,3187512269.8,3605578457.9,
Nigeria,NGA,"Deuda externa acumulada, total (DOD, US$ a precios actuales)",DT.DOD.DECT.CD,30699263745.6,33092276818.4,34094439060.4,31414754638.8,28467535604,30313714707.5,29095550936.6,33514256077.2,33749025763.9,35984951348.3,41114859871.2,44559883685.7,29099132314.5,12961870578.5,15488724676.5,16472696892.7,19285647639.8,18821584008.7,21003387146,21466867764.2,24482376278.8,28628765477.5,32413453871.7,34396014488.9,43192878169.8,50451834784.6,54832397402,
Nicaragua,NIC,"Deuda externa acumulada, total (DOD, US$ a precios actuales)",DT.DOD.DECT.CD,11657293343.5,12406061120.5,10591398107.2,6174328565,6321398617.4,6379424177.2,6409337546.3,6822420902,6387014039,6440411044,6854198401.8,5096750020.7,5011294159,4190303477.1,4113792029.7,4718042360.2,5900887456.1,6994657446.6,7915011810.7,8880675149.7,9661343852.8,10101413178.7,10513666054.8,11010659785.9,11496057127.7,11652425287.9,11690864308.1,
Países Bajos,NLD,"Deuda externa acumulada, total (DOD, US$ a precios actuales)",DT.DOD.DECT.CD,,,,,,,,,,,,,,,,,,,,,,,,,,,,
Noruega,NOR,"Deuda externa acumulada, total (DOD, US$ a precios actuales)",DT.DOD.DECT.CD,,,,,,,,,,,,,,,,,,,,,,,,,,,,
Nepal,NPL,"Deuda externa acumulada, total (DOD, US$ a precios actuales)",DT.DOD.DECT.CD,2003093150.2,2320287857.8,2409751198.5,2397938028,2413357113.7,2668527138.8,3027783792.6,2874494832.4,2740752757.6,2997587654.6,3213264260.6,3366391763.1,3189016423,3402732071.5,3613195511.4,3696697651.9,3777036974.1,3787483271.7,3826237147.3,3809944151.4,4012913595.5,3980967315.7,4142893178.4,4297422858.3,4963452050,5510960577.2,6513365074.4,
Nauru,NRU,"Deuda externa acumulada, total (DOD, US$ a precios actuales)",DT.DOD.DECT.CD,,,,,,,,,,,,,,,,,,,,,,,,,,,,
Nueva Zelandia,NZL,"Deuda externa acumulada, total (DOD, US$ a precios actuales)",DT.DOD.DECT.CD,,,,,,,,,,,,,,,,,,,,,,,,,,,,
Miembros OCDE,OED,"Deuda externa acumulada, total (DOD, US$ a precios actuales)",DT.DOD.DECT.CD,,,,,,,,,,,,,,,,,,,,,,,,,,,,
Omán,OMN,"Deuda externa acumulada, total (DOD, US$ a precios actuales)",DT.DOD.DECT.CD,,,,,,,,,,,,,,,,,,,,,,,,,,,,
Otros Estados pequeos,OSS,"Deuda externa acumulada, total (DOD, US$ a precios actuales)",DT.DOD.DECT.CD,,,,,,,,,,,,,,,,,,,,,,,,,,,,
Pakistán,PAK,"Deuda externa acumulada, total (DOD, US$ a precios actuales)",DT.DOD.DECT.CD,24551561529.1,27390827116.9,30241086482.6,29850953918.3,30095124742.1,32310194703.8,34192272492.3,33093575316.5,32028738934.5,33946281999.6,36643578223.4,36534987443.3,34236700207.6,37404713800.1,42276957660.5,49798760897.7,56634414352.8,63097816817.7,64717183246.1,62572513492.8,58567202293.4,62192149446.4,66690721553.9,73041126773,86031955222.9,93531752991.4,100818526514.4,
Panamá,PAN,"Deuda externa acumulada, total (DOD, US$ a precios actuales)",DT.DOD.DECT.CD,,,,,,,,,,,,,,,,,,,,,,,,,,,,
Perú,PER,"Deuda externa acumulada, total (DOD, US$ a precios actuales)",DT.DOD.DECT.CD,23650210716,26596519778.8,30911667664.7,29032988173.4,29724003466.9,30581703299.9,29361508474.8,28834463709.6,27722614292,28445374390.4,30221849065.8,31742552289.6,29513668636,29295983199.5,32239012465.4,34719588729.2,37389855104.7,42153893573.5,45012107240.1,61628879000.2,63547801599.7,67907395747.3,67186181291.8,69612783913.7,67603581696.8,66769271405.5,64204059473.4,
Filipinas,PHL,"Deuda externa acumulada, total (DOD, US$ a precios actuales)",DT.DOD.DECT.CD,36142381235,40256580063.7,39378716225.1,44001193723.2,50705832980.6,53608216701,58480699325.6,58455901921.9,58399723505.5,60064413331.7,62762530812.5,61148536677.5,58692722321.8,57597460568.9,59175573171.6,58269785208.6,55984120354,65358008410.1,66114028173,69371694816.5,66200665174.3,77169659308.7,76265585004.7,74739126994.9,73414361932.2,78997199627.7,83660996210.4,
Palau,PLW,"Deuda externa acumulada, total (DOD, US$ a precios actuales)",DT.DOD.DECT.CD,,,,,,,,,,,,,,,,,,,,,,,,,,,,
Papua Nueva Guinea,PNG,"Deuda externa acumulada, total (DOD, US$ a precios actuales)",DT.DOD.DECT.CD,3268510852.4,2792345094.2,2505573004.3,2507363358.3,2589508592.6,2712134542.3,2657223999.3,2325079588,2047405719.9,1856713721,1863354062.5,1769749010.6,1870906689.6,1754570834.6,1530876142.9,1436380431.4,1768982572.7,5987009775.4,12584089527.7,14922491219.9,21609688499.3,20428666747,20386681359.9,19245329995.8,17220913881,17719409400.2,18740421524,
Polonia,POL,"Deuda externa acumulada, total (DOD, US$ a precios actuales)",DT.DOD.DECT.CD,,,,,,,,,,,,,,,,,,,,,,,,,,,,
previa al dividendo demográfico,PRE,"Deuda externa acumulada, total (DOD, US$ a precios actuales)",DT.DOD.DECT.CD,,,,,,,,,,,,,,,,,,,,,,,,,,,,
Puerto Rico,PRI,"Deuda externa acumulada, total (DOD, US$ a precios actuales)",DT.DOD.DECT.CD,,,,,,,,,,,,,,,,,,,,,,,,,,,,
"Corea, República Popular Democrática de",PRK,"Deuda externa acumulada, total (DOD, US$ a precios actuales)",DT.DOD.DECT.CD,,,,,,,,,,,,,,,,,,,,,,,,,,,,
Portugal,PRT,"Deuda externa acumulada, total (DOD, US$ a precios actuales)",DT.DOD.DECT.CD,,,,,,,,,,,,,,,,,,,,,,,,,,,,
Paraguay,PRY,"Deuda externa acumulada, total (DOD, US$ a precios actuales)",DT.DOD.DECT.CD,1649950801.5,2153330722.2,2617585263.3,2604084334,2496673813.2,2826034207.6,3433334794.8,3106035613.7,2867285123.1,3373052129.5,6798833897.6,7376893644.3,8302216058.4,9565284908.6,10714075892.8,12520045510.3,13941379381.7,15902555799.3,15580878833.8,16046077317.9,15697471915.7,16467482773,16124530792.4,16227686956.1,15928953800.4,15799216059.4,16387629382.3,
Ribera Occidental y Gaza,PSE,"Deuda externa acumulada, total (DOD, US$ a precios actuales)",DT.DOD.DECT.CD,,,,,,,,,,,,,,,,,,,,,,,,,,,,
Estados pequeos de las Islas del Pacfico,PSS,"Deuda externa acumulada, total (DOD, US$ a precios actuales)",DT.DOD.DECT.CD,,,,,,,,,,,,,,,,,,,,,,,,,,,,
posterior al dividendo demográfico,PST,"Deuda externa acumulada, total (DOD, US$ a precios actuales)",DT.DOD.DECT.CD,,,,,,,,,,,,,,,,,,,,,,,,,,,,
Polinesia Francesa,PYF,"Deuda externa acumulada, total (DOD, US$ a precios actuales)",DT.DOD.DECT.CD,,,,,,,,,,,,,,,,,,,,,,,,,,,,
Qatar,QAT,"Deuda externa acumulada, total (DOD, US$ a precios actuales)",DT.DOD.DECT.CD,,,,,,,,,,,,,,,,,,,,,,,,,,,,
Rumania,ROU,"Deuda externa acumulada, total (DOD, US$ a precios actuales)",DT.DOD.DECT.CD,,,,,,,,,,,,,,,,,,,,,,,,,,,,
Federación de Rusia,RUS,"Deuda externa acumulada, total (DOD, US$ a precios actuales)",DT.DOD.DECT.CD,112463242743.2,122365566099.3,122074627736.6,127025505816.3,128143868208,175719267829,180043060834.5,146665107929.8,141151650545.7,138446858475.7,185905051377.9,214206935067.3,249832035581,311265306723.7,416308041281.2,419280876943.6,406431159699.8,417851994642.8,544318125577.8,591795805719.5,668468551019.5,549602745561.2,467699348727.2,533203761047.3,518191187324.6,453808114126.2,490725792644.5,
Rwanda,RWA,"Deuda externa acumulada, total (DOD, US$ a precios actuales)",DT.DOD.DECT.CD,908962809.2,955151668.6,1032504216.9,1045357833.6,1112854511.6,1227864434.5,1311799009.3,1289758077.6,1299040552.2,1452031421.5,1555052246.9,1670716289.3,1526467033.2,433571511,619217476.9,928908920.7,1101366314.6,1233314075.5,1460707197.2,1814534884.7,2314566336.6,2909860018.3,3451961693,4318716827.6,4833429782.1,5422643134.9,6211440990.2,
Asia meridional,SAS,"Deuda externa acumulada, total (DOD, US$ a precios actuales)",DT.DOD.DECT.CD,139277993594.4,151446163509.3,151008790814.8,150122751266.8,149382022089.4,158401344435.8,164000113288.6,162579285655,158924335130,170557326215.9,189250777025.8,196477431459.4,190191127947.9,234600604593.5,289227701831.9,324254183442.4,366250498976.3,409850827107.8,460217162689.9,527939901306.1,565788547710.7,604080725659.1,635158397081.8,624084154246.5,706923555982.5,732688449921,788594365201.1,
Arabia Saudita,SAU,"Deuda externa acumulada, total (DOD, US$ a precios actuales)",DT.DOD.DECT.CD,,,,,,,,,,,,,,,,,,,,,,,,,,,,
Sudán,SDN,"Deuda externa acumulada, total (DOD, US$ a precios actuales)",DT.DOD.DECT.CD,15979632963.1,17096156407.1,17816478183.1,16971980942,16326140589.2,16843023940.7,16205567433.6,16075999064.4,15010981050.4,16131307065,17322489066,18376488692,17579077748.4,18486143553.4,19796609171.3,20335215853,21112640260,22322844218.7,21180844800.1,21822049522,22500007302.4,21773895615.6,21401429540.5,21091694446.6,21700605589.6,21529048699.8,22264288832.6,
Senegal,SEN,"Deuda externa acumulada, total (DOD, US$ a precios actuales)",DT.DOD.DECT.CD,3843451727.8,3697792446.1,3915938299.7,3786088622.4,3805574682.6,4096776592.1,4000850002.6,3653475930.9,3700965274.5,4118750354.6,4397912285.2,3940274903.8,3861745159,1936520868.3,2585777650.1,2850930593.4,3720886238.1,3909476502.9,4325493202.3,4889618994.4,5221162675.9,5631708855.6,5904877477.8,6689586288.4,8899044654.5,11892460509.7,13580577311.8,
Singapur,SGP,"Deuda externa acumulada, total (DOD, US$ a precios actuales)",DT.DOD.DECT.CD,,,,,,,,,,,,,,,,,,,,,,,,,,,,
Islas Salomón,SLB,"Deuda externa acumulada, total (DOD, US$ a precios actuales)",DT.DOD.DECT.CD,150544684.3,154928415.7,158741508.5,147494744.3,139946900.8,154585730.7,165883917,156207110.5,164030802.8,180737376.7,181240395,179639740,167389191.6,174423711.1,178330553.8,166904390.6,172447071.6,230756584.9,257503829.4,228147130.5,203970834.5,187516688.3,207462428.9,263838572.3,376730656.2,323533174.2,350464708.8,
Sierra Leona,SLE,"Deuda externa acumulada, total (DOD, US$ a precios actuales)",DT.DOD.DECT.CD,1556470569.6,1557983211.5,1249606744.8,1241837537.9,1200047496.1,1314139190.3,1319225620.6,1248363708.6,1256749338.8,1408416911.2,1575774381.1,1683344084.8,1804606614.1,1528631481.5,551066958.2,633810297.6,856852310.4,931127139.3,1050427525.8,1334200316.8,1396671367.5,1428960402.7,1553532071.2,1612508231.3,1734552320.7,1735470066.3,1808128766.7,
El Salvador,SLV,"Deuda externa acumulada, total (DOD, US$ a precios actuales)",DT.DOD.DECT.CD,1992942227.9,2163863049.9,2569443217.7,2872513549.1,3203304451.6,3310661338.2,3762995865.5,4535064825,5344553477.7,6114021552.3,8616503266.2,9147790266.4,9621574748.3,10004564795.6,9864898765.1,10688436435.5,10405779193,11495710496.5,12729163388.5,13548206208.8,14131937575.5,15168975769.4,15570377313.2,16566778003.6,17179362768.2,17391523483.9,18060979891.6,
San Marino,SMR,"Deuda externa acumulada, total (DOD, US$ a precios actuales)",DT.DOD.DECT.CD,,,,,,,,,,,,,,,,,,,,,,,,,,,,
Somalia,SOM,"Deuda externa acumulada, total (DOD, US$ a precios actuales)",DT.DOD.DECT.CD,2381899237.6,2500958277.3,2556348054.7,2528407325.3,2450397710.7,2529802081.2,2526665894.6,2477537976.4,2476280807.3,2607722167.1,2762599394.4,2775888430,2672234285.5,2762438309.6,2868829766.4,2865716564.1,2943660874.7,2934384056.4,2940364939.5,2940491562,2938897190.3,2837118511.5,2770590306.7,2744666127.8,2833531570.2,5563254812.7,5615896657.9,
Serbia,SRB,"Deuda externa acumulada, total (DOD, US$ a precios actuales)",DT.DOD.DECT.CD,12708824729,11100638781.8,10785293239.6,9409821312.2,10616369758.8,10897975637.2,10978472128.8,11573165499.6,12478681866.6,11400905180.2,14259748378.8,14562774444.5,16159378880.4,19885774045.6,26211637916.4,30493346800.9,33809169778.7,32907137502,31657124951.8,34361116041.7,36278365715.7,32992712790.2,31301126576.6,29532897867.7,34279089635.8,34223112854.9,35896246593.4,
África al sur del Sahara (excluido altos ingresos),SSA,"Deuda externa acumulada, total (DOD, US$ a precios actuales)",DT.DOD.DECT.CD,194006690415.7,220763700437,235039013234.6,230599017720.5,225298991118.3,229013813784.9,217077755674.9,215041549947.6,206909053832,227611536423.9,247297515382.9,261753467708.9,236428885047.6,201114417427.6,229565955886.8,235060275576.2,265822757135.9,296356021718.5,325928742882.3,374480983064.3,410077519623.5,432670561243.9,438686465185.4,474235485209.8,542871025675.7,569803526029.6,625084380020.2,
Sudán del Sur,SSD,"Deuda externa acumulada, total (DOD, US$ a precios actuales)",DT.DOD.DECT.CD,,,,,,,,,,,,,,,,,,,,,,,,,,,,
África al sur del Sahara,SSF,"Deuda externa acumulada, total (DOD, US$ a precios actuales)",DT.DOD.DECT.CD,,,,,,,,,,,,,,,,,,,,,,,,,,,,
Pequeños Estados,SST,"Deuda externa acumulada, total (DOD, US$ a precios actuales)",DT.DOD.DECT.CD,,,,,,,,,,,,,,,,,,,,,,,,,,,,
Santo Tomé y Príncipe,STP,"Deuda externa acumulada, total (DOD, US$ a precios actuales)",DT.DOD.DECT.CD,209813616.4,222778525.7,245655455.1,235376843,238209013.7,258261791,321781710.6,304831898.2,308356185,333450000.5,339959178.8,361057555.2,335612441.8,351558074.5,166187260.3,131728912.6,157000836.3,181091117.6,229714903.5,203498251.7,216430128.5,227700644.6,241714644.5,248286227.4,269476888.6,252602291.4,251643225.5,
Suriname,SUR,"Deuda externa acumulada, total (DOD, US$ a precios actuales)",DT.DOD.DECT.CD,,,,,,,,,,,,,,,,,,,,,,,,,,,,
República Eslovaca,SVK,"Deuda externa acumulada, total (DOD, US$ a precios actuales)",DT.DOD.DECT.CD,,,,,,,,,,,,,,,,,,,,,,,,,,,,
Eslovenia,SVN,"Deuda externa acumulada, total (DOD, US$ a precios actuales)",DT.DOD.DECT.CD,,,,,,,,,,,,,,,,,,,,,,,,,,,,
Suecia,SWE,"Deuda externa acumulada, total (DOD, US$ a precios actuales)",DT.DOD.DECT.CD,,,,,,,,,,,,,,,,,,,,,,,,,,,,
Eswatini,SWZ,"Deuda externa acumulada, total (DOD, US$ a precios actuales)",DT.DOD.DECT.CD,228166871.4,240790698.9,249640731.9,234857815.8,409051383.1,300826830.3,340291444,333715753.2,348534802.3,406116780.5,445310216.2,453614368.7,511385206.5,458371280.6,495172844.4,475124117.7,524181922.7,699487468,606818435.4,464434238.5,431978974.5,396692720.5,367500279.3,487595978.8,652203797.4,509723754.7,626323301.9,
Sint Maarten (Dutch part),SXM,"Deuda externa acumulada, total (DOD, US$ a precios actuales)",DT.DOD.DECT.CD,,,,,,,,,,,,,,,,,,,,,,,,,,,,
Seychelles,SYC,"Deuda externa acumulada, total (DOD, US$ a precios actuales)",DT.DOD.DECT.CD,,,,,,,,,,,,,,,,,,,,,,,,,,,,
República Árabe Siria,SYR,"Deuda externa acumulada, total (DOD, US$ a precios actuales)",DT.DOD.DECT.CD,,,,,,,,,,,,,,,,5388704719,5688619010.7,5276579226.5,4980444783.4,4748532173.1,4765861035.7,4608449443,4419183536.1,4367932030.6,4603897926.4,4583582193.9,4590239653.7,
Islas Turcas y Caicos,TCA,"Deuda externa acumulada, total (DOD, US$ a precios actuales)",DT.DOD.DECT.CD,,,,,,,,,,,,,,,,,,,,,,,,,,,,
Chad,TCD,"Deuda externa acumulada, total (DOD, US$ a precios actuales)",DT.DOD.DECT.CD,692281243.3,784041894.7,841874677.3,946588238.7,956913401.4,1029972784.7,1109215208.5,1098899966,1095684903.7,1276029019.5,1539456754.8,1652257599.8,1629647073.8,1757290878.2,1848756646.9,1802465168.1,1874374207.2,2157554831.3,2331368590.1,2346579692.1,2910547099,3724335781.1,2893640684,3033920800.8,3404509175.3,3523256042.8,3571378462.2,
Asia oriental y el Pacífico (BIRF y la AIF),TEA,"Deuda externa acumulada, total (DOD, US$ a precios actuales)",DT.DOD.DECT.CD,,,,,,,,,,,,,,,,,,,,,,,,,,,,
Europa y Asia central (BIRF y la AIF),TEC,"Deuda externa acumulada, total (DOD, US$ a precios actuales)",DT.DOD.DECT.CD,,,,,,,,,,,,,,,,,,,,,,,,,,,,
Togo,TGO,"Deuda externa acumulada, total (DOD, US$ a precios actuales)",DT.DOD.DECT.CD,1292462409.3,1454418478,1474990120.1,1487243523.2,1344663527.6,1471814621.3,1538399193.9,1445960550.9,1422893098.6,1601843852.7,1731925829.4,1838337733.3,1686929449.6,1794483965.1,1967192421,1638757942.8,1727194255.2,1283252049.9,629035493.4,753653139.3,932177097.5,1031943531.1,1109293757.3,1400229433.8,1844247074.7,1914185169.6,2205086254.4,
Tailandia,THA,"Deuda externa acumulada, total (DOD, US$ a precios actuales)",DT.DOD.DECT.CD,52717189061.2,65596252733.3,100092684586,112879501380.9,109730690051.9,104943991856.5,96903100977.3,79830056193.2,67296708658.9,62922110903.3,58452984709.5,58416708560.4,58466721297.5,62493469252.2,62779007038,66618742797.7,80824068117.8,106357878658.6,115440130154.4,148243531120.8,151675992277.6,146056984707.9,132209315433,139243560850.1,161653954029.7,172497602942.3,180229594494.8,
Tayikistán,TJK,"Deuda externa acumulada, total (DOD, US$ a precios actuales)",DT.DOD.DECT.CD,382514000,577538000,629795000,694309400.4,1050335124.1,1228826959.2,1373567363.8,1140676654,1162073154.7,1254304142.6,1272329032.2,1166678857.2,1116909976.5,1060790372.7,1348486856,2497045162.5,2666229139.6,3561185320.5,3922104442.3,4619372232.1,4862292910.8,5123647136.5,5144065918.6,5181125669.9,6028761353.2,5974549916.5,6630788032.2,
Turkmenistán,TKM,"Deuda externa acumulada, total (DOD, US$ a precios actuales)",DT.DOD.DECT.CD,276435325,431045659.1,402248484.2,756163428.6,1866474843.2,2397439413,2732208441.4,2627007065.7,2241509191.6,2130945860.6,1916765263.8,1815782395.5,1152800557.5,991050916.5,851749184.4,742453500.1,674244848.7,531182758,455877865.4,505008076.1,507170296,409853634.6,367006421,507682410.8,783695844,907329366.5,567628378.2,
América Latina y el Caribe (BIRF y la AIF),TLA,"Deuda externa acumulada, total (DOD, US$ a precios actuales)",DT.DOD.DECT.CD,,,,,,,,,,,,,,,,,,,,,,,,,,,,
Timor-Leste,TLS,"Deuda externa acumulada, total (DOD, US$ a precios actuales)",DT.DOD.DECT.CD,,,,,,,,,,,,,,,,,,,,76035317.8,89494700.4,104305452.7,116733681.1,80907571.1,124522399.4,158056457,203400669.6,
Oriente Medio y Norte de África (BIRF y la AIF),TMN,"Deuda externa acumulada, total (DOD, US$ a precios actuales)",DT.DOD.DECT.CD,,,,,,,,,,,,,,,,,,,,,,,,,,,,
Tonga,TON,"Deuda externa acumulada, total (DOD, US$ a precios actuales)",DT.DOD.DECT.CD,44241811.7,58640380.3,64114187.2,63805061.3,58675998.8,64879601.7,78049432.9,73965562.4,71355546.3,81495989.1,93415984.1,94356377.1,89030079.1,91618892.9,96867967,98959554,114892400.3,153652255.8,191201692.9,197996953.7,199563005.4,195924377.2,184338819.8,174411669.5,193072348.9,186833553.1,186483847.2,
Asia meridional (BIRF y la AIF),TSA,"Deuda externa acumulada, total (DOD, US$ a precios actuales)",DT.DOD.DECT.CD,,,,,,,,,,,,,,,,,,,,,,,,,,,,
África al sur del Sahara (BIRF y la AIF),TSS,"Deuda externa acumulada, total (DOD, US$ a precios actuales)",DT.DOD.DECT.CD,,,,,,,,,,,,,,,,,,,,,,,,,,,,
Trinidad y Tobago,TTO,"Deuda externa acumulada, total (DOD, US$ a precios actuales)",DT.DOD.DECT.CD,,,,,,,,,,,,,,,,,,,,,,,,,,,,
Túnez,TUN,"Deuda externa acumulada, total (DOD, US$ a precios actuales)",DT.DOD.DECT.CD,8693836168.7,9614053659.6,10819480146.7,11379084345.6,11229245891,10845598411.7,11912144319.5,11355178322.9,12916170293.9,15490967168.9,18109300765.3,19560761997.4,17942271352.3,18725269505.9,20592295516.8,21473923229.5,22818070259.9,22579228975.4,22752159186.8,25373718641.5,25764175018.4,26937529353.6,27740576468.4,28893169828.3,34022286939.6,35116008785,37764460966.3,
Turquía,TUR,"Deuda externa acumulada, total (DOD, US$ a precios actuales)",DT.DOD.DECT.CD,68604763966,66249185119.7,73781102423.7,80624816759,84719917064.6,96953865165.9,101784260989.9,116799280014,112946289541.4,129501126015.7,144076069901.7,159621568696.3,173601963818.1,211039504420.9,260028249562.8,290571661393,278829978028,300869398758.2,305569521865.7,338827276892.9,390350027972.1,406061717252.3,399948917893.1,409420947718.7,456562176683.8,445973315161.3,440782959820.6,
Tuvalu,TUV,"Deuda externa acumulada, total (DOD, US$ a precios actuales)",DT.DOD.DECT.CD,,,,,,,,,,,,,,,,,,,,,,,,,,,,
Tanzanía,TZA,"Deuda externa acumulada, total (DOD, US$ a precios actuales)",DT.DOD.DECT.CD,6767949416.1,7227078641.8,7370002189.4,7343151662.7,7105135535,7505391494.7,7907249725.9,7187824540.2,6511080019,7145819695.6,7307954236.4,8628762340,8409774096.7,4097945623,5030962807.3,6010233473.7,7685190153.3,8892437728,10020297255.5,11637522702,13235508738.9,14621719528.2,15412332703.6,16380492422.5,18301183902.3,18489828009.3,19584049478.2,
Uganda,UGA,"Deuda externa acumulada, total (DOD, US$ a precios actuales)",DT.DOD.DECT.CD,3052849509.1,3397572158.9,3608776798.1,3710237065,3907829289.7,3941902486.7,3537939246.8,3535147374.5,3768195790.9,4019812753.1,4577712717.6,4789438348.4,4460499217.4,1300697179.9,1653066727.1,2292861399.1,2763176528.1,2974602244.9,3262582093.9,3776142287.5,8559917407.2,8651413339.5,9570701031.6,10086191861.5,11672694087.4,12315104975.9,13970921695.9,
Ucrania,UKR,"Deuda externa acumulada, total (DOD, US$ a precios actuales)",DT.DOD.DECT.CD,3855492092.6,5636653268.2,8429952804.7,9538672857.8,11133852083,13073030721.9,15753044628.1,13915483185,22209140729.2,23485797434.5,25866011946,32109497693.8,35100157138.6,54269247857.6,80811501426.6,99522725087.1,105305698734.2,124526897803.9,137133975946.7,133747127021.6,146636254044.8,126816160096.1,117450037266.3,114997509303.7,122683870467.7,121039664591.9,123842830219.8,
Ingreso mediano alto,UMC,"Deuda externa acumulada, total (DOD, US$ a precios actuales)",DT.DOD.DECT.CD,940203709730.6,1043767893478.5,1190505904682,1251510054760.6,1322547499371,1469462778488.7,1500402436423.7,1445245003024.8,1459754142531.7,1475862175908.5,1617471861026.1,1741198837524.8,1788793880077.9,1991121124777.9,2388620311373.7,2542335690275.4,2705269165131.6,3285585365877.6,3936482962943,4364540480204.6,5009019174555.3,5382647150494.2,4835226160730.9,5074800323048.7,5590742527881.8,5905078256155.6,6176697588193.5,
Uruguay,URY,"Deuda externa acumulada, total (DOD, US$ a precios actuales)",DT.DOD.DECT.CD,,,,,,,,,,,,,,,,,,,,,,,,,,,,
Estados Unidos,USA,"Deuda externa acumulada, total (DOD, US$ a precios actuales)",DT.DOD.DECT.CD,,,,,,,,,,,,,,,,,,,,,,,,,,,,
Uzbekistán,UZB,"Deuda externa acumulada, total (DOD, US$ a precios actuales)",DT.DOD.DECT.CD,1031699376.2,1247180534.1,1801128709.8,2390088815.7,2929383835.4,3372052741.1,5310161203.5,4947978618,5211410616.8,5140357902.1,5321596556.6,5204729495.6,4631813975.6,4513825291.3,4655749411.7,5070478524.9,7027539348,7801789781.5,8299750652.4,9106558505.7,10575939346.5,12451271510.9,13955036957.8,15705217366.4,16792165844.7,17541460517,21745148303.8,
San Vicente y las Granadinas,VCT,"Deuda externa acumulada, total (DOD, US$ a precios actuales)",DT.DOD.DECT.CD,101713065,114170293.9,118297375.1,122492508.5,117721039.1,136298403.3,193802389.1,195077653.9,195046431.7,175623164.1,199272731.1,228632793.9,252622855.6,243484201,201948941.4,232179973.8,246043909.7,295920078.1,304058669.5,288060587.8,311721425.8,340847124.2,343937309.5,333532529.1,337086396.4,326295869.9,356601245,
Venezuela,VEN,"Deuda externa acumulada, total (DOD, US$ a precios actuales)",DT.DOD.DECT.CD,37540190896.2,36943075421.1,35744361486.3,35763663049.6,44291613282.2,49473410649.9,48994306276.4,49458312658.4,46661754469.6,44711967935.7,46741849640.1,46331251765,50486224781.4,49404276758.1,65150126465.9,73153075386,94353254745.4,116528961817,135299290773.2,151370439277.5,153890424604,160906678295,159007104555,163908055789.4,164633122909.9,167796803058.1,168074437200.2,
Islas Vírgenes Británicas,VGB,"Deuda externa acumulada, total (DOD, US$ a precios actuales)",DT.DOD.DECT.CD,,,,,,,,,,,,,,,,,,,,,,,,,,,,
Islas Vírgenes (EE.UU.),VIR,"Deuda externa acumulada, total (DOD, US$ a precios actuales)",DT.DOD.DECT.CD,,,,,,,,,,,,,,,,,,,,,,,,,,,,
Viet Nam,VNM,"Deuda externa acumulada, total (DOD, US$ a precios actuales)",DT.DOD.DECT.CD,24224319557.6,24855517887.4,25483320390.6,26309991483.3,21830829876.4,22512305266.7,23328780655.5,12841178044.2,12632834003.6,13321446639.1,15571477724.7,17609714906.8,18572022977.2,18730926327.7,23113869256,26476096052.6,32741968017.7,44940152217.3,53925029239.1,61612717255.9,65483934093.5,72453342790.5,77831474405.8,85664895729.7,104090846970.1,106859048845.2,117344047557.4,
Vanuatu,VUT,"Deuda externa acumulada, total (DOD, US$ a precios actuales)",DT.DOD.DECT.CD,40189501.8,45581300.9,48945486.7,47879676.1,48734564,64167377.7,87977202.2,112263772.8,122663924.1,160584256.7,161146227.6,153931970.5,100347467.5,110583704.2,127898893.3,148880846.8,153308882.3,177656192.9,178444531.3,182211942,158471649.6,203273624.2,256793136.3,293420900.7,401420199.8,402236822.4,420581472,
Mundo,WLD,"Deuda externa acumulada, total (DOD, US$ a precios actuales)",DT.DOD.DECT.CD,,,,,,,,,,,,,,,,,,,,,,,,,,,,
Samoa,WSM,"Deuda externa acumulada, total (DOD, US$ a precios actuales)",DT.DOD.DECT.CD,140498861,154590275,160047723.2,153447044.2,138788873.6,143914846.6,148001778.4,139172179.4,135466609.5,148295167,168610857.8,176496322.7,169098029.9,165440757.3,187694141.1,207365268.1,252885686.9,325098258.9,368308475.7,422904446.2,447232337.9,450183948.9,437424621,417456880.5,443075541.6,427480190.6,408555300.1,
Kosovo,XKX,"Deuda externa acumulada, total (DOD, US$ a precios actuales)",DT.DOD.DECT.CD,,,,,,,75993698.1,72140059,69583145.7,75274464.8,82275800.7,85987699.1,79136411.6,83296240.5,534737934.6,709873305.5,1725715832.4,1455549979.9,1699829128.6,2002395891.2,2220795158.7,2242255049.7,2158469237.4,2124776279.7,2504230894.7,2325736286.3,2428181897.8,
"Yemen, Rep. del",YEM,"Deuda externa acumulada, total (DOD, US$ a precios actuales)",DT.DOD.DECT.CD,5944866677.9,6153597464.7,6250665953,6399965191.4,3917093653.5,5778379330.7,5132268503.5,5152412926.4,5187675837,5323448564.2,5480632068.8,5603364949.2,5477559319.6,5713770653.4,6155419537.5,6228636614,6799196018.2,6504445072,6429107186.2,7586177348.9,7688886486.7,7723139695.1,7298876196.1,7062887710.8,7193122745.6,7036509959,7055218065.7,
Sudáfrica,ZAF,"Deuda externa acumulada, total (DOD, US$ a precios actuales)",DT.DOD.DECT.CD,,21670999666,25357999878.7,26050000159.4,30633902795.8,26014665566.3,25719811079.3,26533572109.6,25529480745.5,35059053604.6,37929135088.1,42612889235.8,42347849965.7,56603435341.2,70419692186.6,71981191421.6,79965175777.8,108410088103,118659144562.6,146971540126.1,140252428410.6,141006989102.5,124404902157.4,142305353896.5,177125692406.4,171908343248.8,187667342218,
Zambia,ZMB,"Deuda externa acumulada, total (DOD, US$ a precios actuales)",DT.DOD.DECT.CD,6477914987.8,6808521300.7,6957808471.7,7060056954.3,6659848622.4,6870434146.5,5953049690.7,5811480208.3,6189776538.4,6674675453.4,6874311297.9,7540236739.5,5370071043.4,2255759667.6,2733123476.2,2954822651.8,3646364120.4,4252910523,4968061660,5722066853.1,6293176917.2,9192670836.5,11778506162.6,15220613707,17380821913.4,19004874225.2,27341427161.4,
Zimbabwe,ZWE,"Deuda externa acumulada, total (DOD, US$ a precios actuales)",DT.DOD.DECT.CD,4315417517.5,4565913283.9,5080454835.7,5077477646.2,4965116239.1,4686000247.9,4422335856,3923046654,3738323824.1,4055708536.6,4685272109.1,5035876352,4544119184.2,5013525453.3,5824849939.8,5826376504.8,6162850336.3,6768623751.5,7393336061.3,8892701399.6,8421956554.2,8361208879.5,9678637465.2,11495829984.3,12540429802,12646273523.7,12270178032.4,
